Class,Accuracy,F1_Score
0,0.2,0.30769230769230765
1,0.5,0.4
2,0.75,0.8571428571428571
3,1.0,0.717948717948718
4,1.0,0.5
5,0.8571428571428571,0.923076923076923
6,1.0,0.5
7,1.0,0.7142857142857143
8,0.75,0.5714285714285714
9,0.75,0.6666666666666665
10,0.6666666666666666,0.5714285714285715
11,0.0,0.0
12,0.5555555555555556,0.30303030303030304
13,0.6923076923076923,0.6923076923076923
14,0.0,0.0
15,0.04,0.07692307692307693
16,0.4,0.5333333333333333
17,0.0,0.0
