Metric,Score
Micro F1,0.5206896551724138
Macro F1,0.4658255528102523
Accuracy,0.5206896551724138
