Class,Accuracy,F1_Score
0,0.3,0.13043478260869565
1,0.0,0.0
2,0.25,0.4
3,0.9285714285714286,0.7222222222222223
4,1.0,0.5
5,0.8571428571428571,0.923076923076923
6,1.0,0.2857142857142857
7,0.6,0.6666666666666665
8,0.25,0.4
9,0.0,0.0
10,0.0,0.0
11,0.0,0.0
12,0.7777777777777778,0.6363636363636364
13,0.38461538461538464,0.5263157894736842
14,0.25,0.4
15,0.48,0.6486486486486487
16,0.5,0.45454545454545453
17,0.0,0.0
